{
  "champion": "LightGBM",
  "best_f2_val": 0.7133351077987756,
  "best_params": {
    "n_estimators": 419.0,
    "learning_rate": 0.04852669358976857,
    "max_depth": 4.0,
    "subsample": 0.8003667779995849,
    "colsample_bytree": 0.5497512893896768,
    "reg_alpha": 4.816373222719408,
    "reg_lambda": 1.0286257112560784,
    "min_child_weight": 29.0,
    "num_leaves": 47.0
  },
  "n_trials": 80,
  "all_results": {
    "CatBoost": {
      "f2": 0.7061534291135809,
      "trials": 80
    },
    "LightGBM": {
      "f2": 0.7133351077987756,
      "trials": 80
    }
  }
}